{
  "Author": "Protho04",
  "Compatibility": "Compatible",
  "DefuserDifficulty": "Medium",
  "Description": "Press invisible areas on this tricky completely blank module. Tags: blank, empty, nothing, button-hover-clicks",
  "ExpertDifficulty": "Easy",
  "ModuleID": "InvisibleAlleyModule",
  "Name": "Invisible Alley",
  "Origin": "Mods",
  "Published": "2023-08-17",
  "RuleSeedSupport": "Supported",
  "SortKey": "INVISIBLEALLEY",
  "SourceUrl": "https://github.com/Protho04/KTANE-Invisible-Alley",
  "Souvenir": { "Status": "NotACandidate" },
  "SteamID": "3021413712",
  "Symbol": "Ial",
  "Type": "Regular"
}